timestamp,workflow,step,ms,logons,calls,result
2026-09-28T13:57:55.181,Login,Logon,1067,2,2,OK
2026-09-28T13:57:57.666,MoveInventory,ScanPallet,1525,3,3,OK
2026-09-28T13:57:59.343,MoveInventory,ScanDestBin,1554,3,3,OK
2026-09-28T13:58:00.414,MoveInventory,Confirm,1017,2,2,OK
2026-09-28T13:58:04.476,MoveInventory,Post,3938,3,5,OK
2026-09-28T13:58:08.621,BuildPallet,CreatePallet,2372,2,3,OK
2026-09-28T13:58:10.897,BuildPallet,ScanCase,2118,2,3,OK
2026-09-28T13:58:13.223,BuildPallet,ScanCase,2195,2,3,OK
2026-09-28T13:58:15.508,BuildPallet,ScanCase,2164,2,3,OK
2026-09-28T13:58:19.392,BuildPallet,ClosePallet,3780,4,5,OK
2026-09-28T13:58:23.107,PalletInquiry,ScanPallet,1927,4,4,OK
2026-09-28T13:58:30.603,Login,Logon,914,2,2,OK
2026-09-28T13:58:33.138,MoveInventory,ScanPallet,1602,3,3,OK
2026-09-28T13:58:34.837,MoveInventory,ScanDestBin,1574,3,3,OK
2026-09-28T13:58:35.988,MoveInventory,Confirm,1040,2,2,OK
2026-09-28T13:58:40.123,MoveInventory,Post,4035,3,5,OK
2026-09-28T13:58:44.218,BuildPallet,CreatePallet,2373,2,3,OK
2026-09-28T13:58:46.517,BuildPallet,ScanCase,2122,2,3,OK
2026-09-28T13:58:48.758,BuildPallet,ScanCase,2097,2,3,OK
2026-09-28T13:58:50.937,BuildPallet,ScanCase,2079,2,3,OK
2026-09-28T13:58:54.888,BuildPallet,ClosePallet,3853,4,5,OK
2026-09-28T13:58:58.617,PalletInquiry,ScanPallet,1952,4,4,OK
2026-09-28T13:59:06.244,Login,Logon,946,2,2,OK
2026-09-28T13:59:08.605,MoveInventory,ScanPallet,1446,3,3,OK
2026-09-28T13:59:10.269,MoveInventory,ScanDestBin,1540,3,3,OK
2026-09-28T13:59:11.391,MoveInventory,Confirm,1037,2,2,OK
2026-09-28T13:59:15.557,MoveInventory,Post,4043,3,5,OK
2026-09-28T13:59:19.707,BuildPallet,CreatePallet,2419,2,3,OK
2026-09-28T13:59:21.972,BuildPallet,ScanCase,2098,2,3,OK
2026-09-28T13:59:24.192,BuildPallet,ScanCase,2103,2,3,OK
2026-09-28T13:59:26.327,BuildPallet,ScanCase,2022,2,3,OK
2026-09-28T13:59:30.186,BuildPallet,ClosePallet,3771,4,5,OK
2026-09-28T13:59:33.939,PalletInquiry,ScanPallet,2001,4,4,OK
