timestamp,workflow,step,ms,logons,calls,result
2026-09-28T14:18:28.611,Login,Logon,1098,2,2,OK
2026-09-28T14:19:00.781,MoveInventory,ScanPallet,1497,3,3,OK
2026-09-28T14:19:18.550,MoveInventory,ScanDestBin,1457,3,3,OK
2026-09-28T14:19:33.357,MoveInventory,Confirm,1097,2,2,OK
2026-09-28T14:19:51.395,MoveInventory,Post,3963,3,5,OK
2026-09-28T14:20:22.577,BuildPallet,CreatePallet,2433,2,3,OK
2026-09-28T14:20:42.115,BuildPallet,ScanCase,2110,2,3,OK
2026-09-28T14:21:03.923,BuildPallet,ScanCase,2121,2,3,OK
2026-09-28T14:21:30.005,BuildPallet,ScanCase,2070,2,3,OK
2026-09-28T14:21:48.665,BuildPallet,ClosePallet,3793,4,5,OK
2026-09-28T14:22:22.294,PalletInquiry,ScanPallet,2025,4,4,OK
2026-09-28T14:23:01.316,MoveInventory,ScanPallet,565,1,1,E:INVALID_SSCC
2026-09-28T14:23:18.927,MoveInventory,ScanPallet,1446,3,3,OK
2026-09-28T14:23:55.510,MoveInventory,ScanDestBin,572,1,1,E:BIN_BLOCKED
